date,files,blank,comment,code
Fri 21 Aug 12:32:38 BST 2020,2,12,0,24
Tue 25 Aug 11:51:12 BST 2020,2,12,0,24
Tue 25 Aug 11:53:28 BST 2020,2,12,0,24
Tue 25 Aug 11:55:15 BST 2020,2,12,0,24
Tue 25 Aug 12:00:54 BST 2020,2,12,0,24
Tue 25 Aug 12:01:28 BST 2020,3,12,0,45
Thu 27 Aug 10:54:34 BST 2020,3,12,0,45
Thu 27 Aug 10:58:51 BST 2020,3,19,0,63
Thu 27 Aug 14:55:07 BST 2020,3,21,0,70
Thu 27 Aug 14:55:34 BST 2020,3,21,0,69
Fri 28 Aug 17:59:40 BST 2020,3,21,0,66
Mon 07 Sep 16:35:54 BST 2020,9,56,6,175
Thu 10 Sep 12:24:23 BST 2020,11,65,6,285
Thu 10 Sep 12:24:35 BST 2020,9,50,6,233
Thu 10 Sep 12:24:52 BST 2020,13,125,15,478
Thu 10 Sep 12:25:04 BST 2020,14,126,15,480
Thu 10 Sep 12:25:09 BST 2020,13,104,9,440
Thu 10 Sep 12:25:24 BST 2020,13,104,9,447
Thu 10 Sep 12:25:34 BST 2020,13,106,9,450
Thu 10 Sep 12:37:31 BST 2020,13,104,9,450
Thu 10 Sep 15:07:18 BST 2020,14,106,9,463
Thu 10 Sep 15:07:44 BST 2020,16,106,33,644
Thu 10 Sep 17:17:41 BST 2020,16,106,33,644
Thu 10 Sep 17:17:48 BST 2020,16,106,33,645
Thu 10 Sep 17:20:02 BST 2020,16,105,33,649
Thu 10 Sep 17:20:11 BST 2020,16,104,33,637
Thu 10 Sep 17:20:23 BST 2020,14,104,9,456
Thu 10 Sep 17:20:58 BST 2020,16,124,9,509
Thu 10 Sep 17:21:22 BST 2020,16,124,9,496
Thu 10 Sep 17:21:32 BST 2020,16,124,9,496
Thu 10 Sep 17:25:04 BST 2020,17,133,19,519
Thu 10 Sep 17:26:43 BST 2020,17,133,19,521
Thu 10 Sep 17:30:34 BST 2020,17,133,19,519
Thu 10 Sep 17:30:55 BST 2020,17,133,19,518
Thu 10 Sep 17:32:19 BST 2020,17,133,19,518
Thu 10 Sep 17:34:46 BST 2020,17,133,19,518
Thu 10 Sep 17:37:55 BST 2020,17,133,19,518
Thu 10 Sep 17:40:07 BST 2020,17,133,19,518
Thu 10 Sep 17:41:48 BST 2020,17,133,19,517
Thu 10 Sep 17:42:16 BST 2020,17,133,19,517
Thu 10 Sep 17:43:20 BST 2020,17,133,19,517
Thu 10 Sep 17:44:22 BST 2020,17,133,19,518
Thu 10 Sep 17:44:30 BST 2020,17,133,19,518
Thu 10 Sep 17:46:26 BST 2020,17,133,19,519
Thu 10 Sep 17:47:51 BST 2020,17,133,19,519
Thu 10 Sep 17:50:26 BST 2020,17,134,19,520
Thu 10 Sep 17:50:49 BST 2020,17,134,19,520
Thu 10 Sep 17:51:05 BST 2020,17,134,19,521
Thu 10 Sep 17:51:33 BST 2020,17,134,19,520
Thu 10 Sep 17:52:16 BST 2020,17,134,19,522
Thu 10 Sep 17:53:26 BST 2020,17,134,19,522
Thu 10 Sep 17:58:03 BST 2020,17,133,19,519
Thu 10 Sep 17:58:35 BST 2020,17,133,19,519
Thu 10 Sep 17:58:38 BST 2020,17,134,19,522
Thu 10 Sep 17:59:18 BST 2020,17,134,19,522
Thu 10 Sep 17:59:24 BST 2020,17,134,19,522
Thu 10 Sep 18:01:13 BST 2020,17,133,19,523
Thu 10 Sep 18:02:21 BST 2020,17,133,19,523
Thu 10 Sep 18:03:29 BST 2020,17,133,19,523
Thu 10 Sep 18:04:39 BST 2020,17,133,19,525
Thu 10 Sep 17:05:56 BST 2020,17,133,19,525
Thu 10 Sep 18:06:34 BST 2020,17,134,19,526
Thu 10 Sep 18:07:15 BST 2020,17,134,19,526
Thu 10 Sep 18:08:01 BST 2020,17,134,19,526
Fri 11 Sep 14:07:31 BST 2020,12,103,19,354
Fri 11 Sep 14:08:11 BST 2020,17,131,19,513
Fri 11 Sep 14:16:08 BST 2020,23,137,19,531
Fri 11 Sep 14:16:27 BST 2020,23,137,19,531
Fri 11 Sep 14:17:16 BST 2020,23,137,19,535
Fri 11 Sep 14:20:09 BST 2020,23,137,19,535
Fri 11 Sep 13:21:38 BST 2020,23,137,19,535
Tue 15 Sep 13:49:43 BST 2020,23,137,19,535
Thu 17 Sep 16:29:30 BST 2020,24,144,19,559
Thu 17 Sep 16:29:38 BST 2020,23,137,19,531
Thu 17 Sep 16:30:08 BST 2020,22,136,19,496
Thu 17 Sep 16:30:23 BST 2020,22,136,19,496
Thu 17 Sep 16:30:31 BST 2020,22,136,19,496
Thu 17 Sep 16:30:40 BST 2020,22,136,19,503
Thu 17 Sep 16:31:03 BST 2020,24,155,21,559
Thu 17 Sep 16:31:19 BST 2020,24,138,23,501
Thu 17 Sep 16:31:26 BST 2020,24,139,23,504
Thu 17 Sep 16:31:36 BST 2020,22,138,23,498
Fri 18 Sep 11:43:04 BST 2020,22,146,24,506
Fri 18 Sep 11:43:20 BST 2020,22,145,24,504
Fri 18 Sep 11:43:38 BST 2020,22,146,24,512
Fri 18 Sep 11:44:08 BST 2020,24,155,47,549
Fri 18 Sep 11:45:13 BST 2020,24,155,47,549
Fri 18 Sep 10:45:59 BST 2020,24,155,47,549
Tue 22 Sep 09:23:41 BST 2020,24,155,47,549
Tue 22 Sep 09:24:35 BST 2020,24,155,47,550
Tue 22 Sep 09:25:51 BST 2020,24,155,47,550
Tue 22 Sep 09:26:25 BST 2020,24,155,47,550
Tue 22 Sep 09:27:51 BST 2020,25,156,47,552
Tue 22 Sep 09:43:56 BST 2020,25,157,47,555
Tue 22 Sep 09:44:04 BST 2020,25,157,47,555
Tue 22 Sep 09:44:12 BST 2020,26,158,47,559
Tue 22 Sep 09:44:25 BST 2020,25,157,47,557
Tue 22 Sep 09:44:31 BST 2020,25,157,47,557
Tue 22 Sep 09:44:37 BST 2020,25,158,47,561
Tue 22 Sep 09:45:42 BST 2020,25,159,47,565
Tue 22 Sep 09:47:06 BST 2020,25,160,47,565
Tue 22 Sep 09:49:26 BST 2020,25,160,47,566
Tue 22 Sep 08:50:32 BST 2020,25,160,47,566
Tue 22 Sep 08:50:32 BST 2020,25,160,47,566
Tue 22 Sep 09:51:56 BST 2020,25,158,47,561
Tue 22 Sep 09:52:47 BST 2020,25,160,47,566
Tue 22 Sep 08:53:38 BST 2020,25,160,47,566
Tue 22 Sep 09:54:34 BST 2020,25,160,52,562
Tue 22 Sep 09:54:59 BST 2020,25,160,52,562
Tue 22 Sep 09:56:04 BST 2020,25,160,52,560
Tue 22 Sep 09:56:24 BST 2020,25,160,52,560
Tue 22 Sep 09:56:52 BST 2020,25,160,47,563
Tue 22 Sep 09:57:46 BST 2020,25,160,47,563
Tue 22 Sep 12:03:20 BST 2020,25,160,47,566
Tue 22 Sep 12:03:25 BST 2020,25,172,61,597
Tue 22 Sep 12:03:30 BST 2020,25,173,61,598
Tue 22 Sep 11:04:24 BST 2020,25,173,61,598
Wed 23 Sep 16:07:15 BST 2020,25,176,38,608
Wed 23 Sep 16:07:36 BST 2020,25,176,38,608
Wed 23 Sep 16:07:52 BST 2020,25,190,29,669
Wed 23 Sep 16:08:15 BST 2020,25,190,29,669
Wed 23 Sep 15:09:13 BST 2020,25,190,29,669
Wed 23 Sep 15:09:13 BST 2020,25,190,29,669
Thu 24 Sep 16:05:03 BST 2020,26,204,24,769
Thu 24 Sep 16:05:21 BST 2020,26,204,24,769
Thu 24 Sep 16:05:28 BST 2020,26,204,24,769
Thu 24 Sep 16:05:35 BST 2020,26,204,24,769
Thu 24 Sep 16:05:43 BST 2020,27,215,24,796
Thu 24 Sep 16:05:49 BST 2020,27,215,24,802
Thu 24 Sep 16:05:57 BST 2020,27,215,24,802
Thu 24 Sep 16:06:36 BST 2020,27,215,24,802
Thu 24 Sep 16:06:51 BST 2020,27,215,24,802
Thu 24 Sep 16:07:33 BST 2020,27,215,24,802
Thu 24 Sep 15:08:47 BST 2020,27,215,24,802
Thu 24 Sep 15:08:47 BST 2020,27,215,24,802
Tue 29 Sep 15:06:39 BST 2020,27,215,24,802
Tue 29 Sep 15:06:56 BST 2020,27,210,25,802
Tue 29 Sep 15:07:07 BST 2020,27,210,25,802
Tue 29 Sep 15:07:19 BST 2020,27,210,25,803
Tue 29 Sep 15:07:43 BST 2020,27,210,24,803
Tue 29 Sep 15:08:03 BST 2020,27,214,25,820
Tue 29 Sep 15:08:18 BST 2020,27,211,25,809
Tue 29 Sep 15:08:44 BST 2020,27,211,25,809
Tue 29 Sep 15:09:06 BST 2020,27,253,34,904
Tue 29 Sep 15:09:14 BST 2020,27,253,34,904
Tue 29 Sep 15:09:36 BST 2020,27,253,34,904
Tue 29 Sep 14:10:33 BST 2020,27,253,34,904
Tue 29 Sep 14:10:33 BST 2020,27,253,34,904
Tue 29 Sep 21:27:14 BST 2020,27,253,34,904
Tue 29 Sep 21:27:21 BST 2020,27,253,34,904
Tue 29 Sep 21:27:41 BST 2020,27,253,34,904
Tue 29 Sep 20:28:44 BST 2020,27,253,34,904
Mon 05 Oct 10:44:41 BST 2020,27,253,34,904
Mon 05 Oct 10:45:48 BST 2020,28,255,35,910
Mon 05 Oct 10:45:53 BST 2020,28,255,35,910
Mon 05 Oct 10:46:18 BST 2020,27,254,35,907
Mon 05 Oct 10:46:31 BST 2020,27,261,45,911
Mon 05 Oct 10:46:35 BST 2020,27,261,45,911
Mon 05 Oct 10:51:16 BST 2020,28,262,45,914
Mon 05 Oct 10:51:20 BST 2020,28,262,45,914
Tue 06 Oct 16:06:01 BST 2020,28,265,45,918
Tue 06 Oct 17:28:52 BST 2020,28,306,48,1004
Tue 06 Oct 17:28:56 BST 2020,28,306,48,1004
Tue 06 Oct 16:30:28 BST 2020,28,306,48,1004
Thu 08 Oct 12:05:01 BST 2020,28,306,48,1004
Thu 08 Oct 12:05:09 BST 2020,28,306,48,1004
Thu 08 Oct 12:05:26 BST 2020,32,328,70,1092
Thu 08 Oct 12:05:37 BST 2020,32,331,69,1103
Thu 08 Oct 12:05:43 BST 2020,32,331,69,1103
Thu 08 Oct 12:05:48 BST 2020,32,331,69,1103
Thu 08 Oct 12:05:54 BST 2020,32,331,69,1103
Thu 08 Oct 11:07:04 BST 2020,32,331,69,1103
Tue 13 Oct 14:49:35 BST 2020,32,331,69,1103
Tue 13 Oct 14:50:27 BST 2020,33,341,106,1121
Tue 13 Oct 14:50:48 BST 2020,33,351,107,1139
Tue 13 Oct 14:50:57 BST 2020,33,353,107,1145
Tue 13 Oct 14:50:59 BST 2020,33,353,107,1145
Tue 13 Oct 14:51:04 BST 2020,33,353,107,1145
Tue 13 Oct 14:51:10 BST 2020,33,353,107,1145
Tue 13 Oct 13:52:17 BST 2020,33,353,107,1145
Tue 13 Oct 14:55:36 BST 2020,34,361,117,1175
Tue 13 Oct 14:56:14 BST 2020,34,361,117,1177
Tue 13 Oct 14:56:17 BST 2020,34,361,117,1177
Tue 13 Oct 14:57:01 BST 2020,35,371,117,1204
Tue 13 Oct 14:57:20 BST 2020,36,374,117,1211
Tue 13 Oct 14:57:37 BST 2020,36,374,117,1211
Tue 13 Oct 14:57:43 BST 2020,36,374,117,1211
Tue 13 Oct 13:58:14 BST 2020,36,374,117,1211
Tue 13 Oct 14:59:02 BST 2020,36,374,117,1211
Tue 13 Oct 14:59:05 BST 2020,36,374,117,1211
Tue 13 Oct 14:59:10 BST 2020,36,374,117,1211
Tue 13 Oct 13:59:52 BST 2020,36,374,117,1211
Wed 14 Oct 09:59:49 BST 2020,36,374,117,1211
Wed 14 Oct 10:00:05 BST 2020,36,374,117,1211
Wed 14 Oct 10:01:23 BST 2020,36,374,117,1211
Wed 14 Oct 10:01:31 BST 2020,36,374,117,1211
Wed 14 Oct 16:15:16 BST 2020,41,395,264,1400
Wed 14 Oct 16:15:52 BST 2020,41,395,264,1400
Fri 16 Oct 16:07:35 BST 2020,40,374,397,1387
Fri 16 Oct 16:07:45 BST 2020,40,374,397,1387
Fri 23 Oct 19:11:05 BST 2020,43,388,697,1482
Fri 23 Oct 19:12:44 BST 2020,43,388,697,1482
Sat 24 Oct 12:06:58 BST 2020,43,389,747,1520
